Row ID,Order ID,Customer Name,Country,City,State,Postal Code,Product ID,Category,Sub-Category,Product Name,Sales,Quantity,Discount,Profit
1,CA-2016-152156,Claire Gute,United States,Henderson,Kentucky,42420,FUR-BO-10001798,Furniture,Bookcases,Bush Somerset Collection Bookcase,261.96,2,0,41.9136
2,CA-2016-152156,Claire Gute,United States,Henderson,Kentucky,42420,FUR-CH-10000454,Furniture,Chairs,"Hon Deluxe Fabric Upholstered Stacking Chairs, Rounded Back",731.94,3,0,219.582
3,CA-2016-138688,Darrin Van Huff,United States,Los Angeles,California,90036,OFF-LA-10000240,Office Supplies,Labels,Self-Adhesive Address Labels for Typewriters by Universal,14.62,2,0,6.8714
4,US-2015-108966,Sean O'Donnell,United States,Fort Lauderdale,Florida,33311,FUR-TA-10000577,Furniture,Tables,Bretford CR4500 Series Slim Rectangular Table,957.5775,5,0.45,-383.031
5,US-2015-108966,Sean O'Donnell,United States,Fort Lauderdale,Florida,33311,OFF-ST-10000760,Office Supplies,Storage,Eldon Fold 'N Roll Cart System,22.368,2,0.2,2.5164
6,CA-2014-115812,Brosina Hoffman,United States,Los Angeles,California,90032,FUR-FU-10001487,Furniture,Furnishings,"Eldon Expressions Wood and Plastic Desk Accessories, Cherry Wood",48.86,7,0,14.1694
7,CA-2014-115812,Brosina Hoffman,United States,Los Angeles,California,90032,OFF-AR-10002833,Office Supplies,Art,Newell 322,7.28,4,0,1.9656
8,CA-2014-115812,Brosina Hoffman,United States,Los Angeles,California,90032,TEC-PH-10002275,Technology,Phones,Mitel 5320 IP Phone VoIP phone,907.152,6,0.2,90.7152
9,CA-2014-115812,Brosina Hoffman,United States,Los Angeles,California,90032,OFF-BI-10003910,Office Supplies,Binders,DXL Angle-View Binders with Locking Rings by Samsill,18.504,3,0.2,5.7825
10,CA-2014-115812,Brosina Hoffman,United States,Los Angeles,California,90032,OFF-AP-10002892,Office Supplies,Appliances,Belkin F5C206VTEL 6 Outlet Surge,114.9,5,0,34.47
11,CA-2014-115812,Brosina Hoffman,United States,Los Angeles,California,90032,FUR-TA-10001539,Furniture,Tables,Chromcraft Rectangular Conference Tables,1706.184,9,0.2,85.3092
12,CA-2014-115812,Brosina Hoffman,United States,Los Angeles,California,90032,TEC-PH-10002033,Technology,Phones,Konftel 250 Conference phone - Charcoal black,911.424,4,0.2,68.3568
13,CA-2017-114412,Andrew Allen,United States,Concord,North Carolina,28027,OFF-PA-10002365,Office Supplies,Paper,Xerox 1967,15.552,3,0.2,5.4432
14,CA-2016-161389,Irene Maddox,United States,Seattle,Washington,98103,OFF-BI-10003656,Office Supplies,Binders,Fellowes PB200 Plastic Comb Binding Machine,407.976,3,0.2,132.5922
15,US-2015-118983,Harold Pawlan,United States,Fort Worth,Texas,76106,OFF-AP-10002311,Office Supplies,Appliances,"Holmes Replacement Filter for HEPA Air Cleaner, Very Large Room, HEPA Filter",68.81,5,0.8,-123.858
16,US-2015-118983,Harold Pawlan,United States,Fort Worth,Texas,76106,OFF-BI-10000756,Office Supplies,Binders,Storex DuraTech Recycled Plastic Frosted Binders,2.544,3,0.8,-3.816
17,CA-2014-105893,Pete Kriz,United States,Madison,Wisconsin,53711,OFF-ST-10004186,Office Supplies,Storage,"Stur-D-Stor Shelving, Vertical 5-Shelf: 72""H x 36""W x 18 1/2""D",665.88,6,0,13.3176
18,CA-2014-167164,Alejandro Grove,United States,West Jordan,Utah,84084,OFF-ST-10000107,Office Supplies,Storage,Fellowes Super Stor/Drawer,55.5,2,0,9.99
19,CA-2014-143336,Zuschuss Donatelli,United States,San Francisco,California,94109,OFF-AR-10003056,Office Supplies,Art,Newell 341,8.56,2,0,2.4824
20,CA-2014-143336,Zuschuss Donatelli,United States,San Francisco,California,94109,TEC-PH-10001949,Technology,Phones,Cisco SPA 501G IP Phone,213.48,3,0.2,16.011
21,CA-2014-143336,Zuschuss Donatelli,United States,San Francisco,California,94109,OFF-BI-10002215,Office Supplies,Binders,"Wilson Jones Hanging View Binder, White, 1""",22.72,4,0.2,7.384
22,CA-2016-137330,Ken Black,United States,Fremont,Nebraska,68025,OFF-AR-10000246,Office Supplies,Art,Newell 318,19.46,7,0,5.0596
23,CA-2016-137330,Ken Black,United States,Fremont,Nebraska,68025,OFF-AP-10001492,Office Supplies,Appliances,"Acco Six-Outlet Power Strip, 4' Cord Length",60.34,7,0,15.6884
24,US-2017-156909,Sandra Flanagan,United States,Philadelphia,Pennsylvania,19140,FUR-CH-10002774,Furniture,Chairs,"Global Deluxe Stacking Chair, Gray",71.372,2,0.3,-1.0196
25,CA-2015-106320,Emily Burns,United States,Orem,Utah,84057,FUR-TA-10000577,Furniture,Tables,Bretford CR4500 Series Slim Rectangular Table,1044.63,3,0,240.2649
26,CA-2016-121755,Eric Hoffmann,United States,Los Angeles,California,90049,OFF-BI-10001634,Office Supplies,Binders,Wilson Jones Active Use Binders,11.648,2,0.2,4.2224
27,CA-2016-121755,Eric Hoffmann,United States,Los Angeles,California,90049,TEC-AC-10003027,Technology,Accessories,Imation 8GB Mini TravelDrive USB 2.0 Flash Drive,90.57,3,0,11.7741
28,US-2015-150630,Tracy Blumstein,United States,Philadelphia,Pennsylvania,19140,FUR-BO-10004834,Furniture,Bookcases,"Riverside Palais Royal Lawyers Bookcase, Royale Cherry Finish",3083.43,7,0.5,-1665.0522
29,US-2015-150630,Tracy Blumstein,United States,Philadelphia,Pennsylvania,19140,OFF-BI-10000474,Office Supplies,Binders,Avery Recycled Flexi-View Covers for Binding Systems,9.618,2,0.7,-7.0532
30,US-2015-150630,Tracy Blumstein,United States,Philadelphia,Pennsylvania,19140,FUR-FU-10004848,Furniture,Furnishings,"Howard Miller 13-3/4"" Diameter Brushed Chrome Round Wall Clock",124.2,3,0.2,15.525
